rev1,rev2,rev3,rev4,rev5,rev6,rev7,rev8,rev9,rev10,rev11,rev12,rev13,rev14,rev15,rev16,rev17,rev18
-0.000246475043241,-19.995138168335,99.9966354370117,-0.002442444907501,19.9981517791748,-99.9960784912109,0.003983601462096,-19.9954509735107,99.9954147338867,0.00326605187729,19.9962348937988,-99.9950637817383,-0.005131890531629,-19.9956169128418,99.9955062866211,-0.004611145704985,19.9967460632324,-99.9944381713867
-0.000246475043241,-19.995138168335,99.9966354370117,-0.002442444907501,19.9981517791748,-99.9960784912109,0.003983601462096,-19.9954509735107,99.9954147338867,0.00326605187729,19.9962348937988,-99.9950637817383,-0.005131890531629,-19.9956169128418,99.9955062866211,-0.004611145704985,19.9967460632324,-99.9944381713867
-0.000246475043241,-19.995138168335,99.9966354370117,-0.002442444907501,19.9981517791748,-99.9960784912109,0.003983601462096,-19.9954509735107,99.9954147338867,0.00326605187729,19.9962348937988,-99.9950637817383,-0.005131890531629,-19.9956169128418,99.9955062866211,-0.004611145704985,19.9967460632324,-99.9944381713867
-0.000246475043241,-19.995138168335,99.9966354370117,-0.002442444907501,19.9981517791748,-99.9960784912109,0.003983601462096,-19.9954509735107,99.9954147338867,0.00326605187729,19.9962348937988,-99.9950637817383,-0.005131890531629,-19.9956169128418,99.9955062866211,-0.004611145704985,19.9967460632324,-99.9944381713867
-0.000246475043241,-19.995138168335,99.9966354370117,-0.002442444907501,19.9981517791748,-99.9960784912109,0.003983601462096,-19.9954509735107,99.9954147338867,0.00326605187729,19.9962348937988,-99.9950637817383,-0.005131890531629,-19.9956169128418,99.9955062866211,-0.004611145704985,19.9967460632324,-99.9944381713867
